{"cameraMode":{"drawMode":0,"name":"Shaded","section":"Shading Mode"},"sceneLighting":false,"audioPlay":false,"sceneViewState":{"showFog":true,"showMaterialUpdate":false,"showSkybox":false,"showFlares":true,"showImageEffects":true,"showParticleSystems":true,"showVisualEffectGraphs":true,"m_FxEnabled":true},"in2DMode":false,"pivot":{"x":-7.450580596923828e-8,"y":-0.07752814888954163,"z":0.029900364577770234},"rotation":{"x":-0.06595449149608612,"y":-0.09713717550039292,"z":0.006426747888326645,"w":-0.993177592754364},"size":1.0507057905197144,"orthographic":false}