{"cameraMode":{"drawMode":0,"name":"Shaded","section":"Shading Mode"},"sceneLighting":false,"audioPlay":false,"sceneViewState":{"showFog":true,"showMaterialUpdate":false,"showSkybox":false,"showFlares":true,"showImageEffects":true,"showParticleSystems":true,"showVisualEffectGraphs":true,"m_FxEnabled":true},"in2DMode":false,"pivot":{"x":-0.011053785681724549,"y":0.3583906590938568,"z":0.4434320628643036},"rotation":{"x":0.14708372950553895,"y":-0.008604624308645726,"z":0.0012678144266828895,"w":0.9892008304595947},"size":0.9621941447257996,"orthographic":false}